{
  "project_info": {
    "project_number": "592270492123",
    "firebase_url": "https://review-5b041.firebaseio.com",
    "project_id": "review-5b041",
    "storage_bucket": "review-5b041.appspot.com"
  },
  "client": [
    {
      "client_info": {
        "mobilesdk_app_id": "1:592270492123:android:d5164fb464b77eda",
        "android_client_info": {
          "package_name": "com.example.practice"
        }
      },
      "oauth_client": [
        {
          "client_id": "592270492123-3gi1a24erjkvgj3oj0eppeirfugdu23p.apps.googleusercontent.com",
          "client_type": 1,
          "android_info": {
            "package_name": "com.example.practice",
            "certificate_hash": "b30aa0973cd4093647b70dbc8952c39217272d71"
          }
        },
        {
          "client_id": "592270492123-90ju1bhp0j2l255bd8qmljdljt46n7fl.apps.googleusercontent.com",
          "client_type": 3
        }
      ],
      "api_key": [
        {
          "current_key": "AIzaSyDNa9l-AvA1zUoGkSvDxsDoG-hiL1urc7g"
        }
      ],
      "services": {
        "analytics_service": {
          "status": 1
        },
        "appinvite_service": {
          "status": 2,
          "other_platform_oauth_client": [
            {
              "client_id": "592270492123-90ju1bhp0j2l255bd8qmljdljt46n7fl.apps.googleusercontent.com",
              "client_type": 3
            }
          ]
        },
        "ads_service": {
          "status": 2
        }
      }
    },
    {
      "client_info": {
        "mobilesdk_app_id": "1:592270492123:android:1a26c9f0acdc912b",
        "android_client_info": {
          "package_name": "com.example.rev"
        }
      },
      "oauth_client": [
        {
          "client_id": "592270492123-90ju1bhp0j2l255bd8qmljdljt46n7fl.apps.googleusercontent.com",
          "client_type": 3
        }
      ],
      "api_key": [
        {
          "current_key": "AIzaSyDNa9l-AvA1zUoGkSvDxsDoG-hiL1urc7g"
        }
      ],
      "services": {
        "analytics_service": {
          "status": 1
        },
        "appinvite_service": {
          "status": 1,
          "other_platform_oauth_client": []
        },
        "ads_service": {
          "status": 2
        }
      }
    }
  ],
  "configuration_version": "1"
}